,,,,LEAP SCHOLAR PREMIUM,,,
,,,,The premium service which,,,
,,,,helps you land your dream College,,,
,,,,,,,
,,,Europe,,USA,,
,,,,,,,
,,,,Select a plan that’s best for your study abroad goals,,,
,,,UG ,,MBA,,
,,,,,,,
,,,LS Premium,,LS Elite,,
,,,"₹34,999",,"₹74,999",,
,,,"₹50,000",,"₹1,00,000",,
,,,What you'll get,,What you'll get,,
,,,Upto 3 Applications,,Unlimited Applications,,
,,,Dedicated Senior Counsellor,,Dedicated Lead Counsellor,,
,,,IELTS Prep with Band Assurance,,IELTS Prep with Band Assurance,,
,,,"Dedicated Premium  Essay SOP, LOR editor",,"Dedicated Premium  Essay SOP, LOR editor",,
,,,End-to-End APS and Visa Guidance,,End-to-End APS and Visa Guidance,,
,,,Scholarship and Loan Support,,Scholarship and Loan Support,,
,,,Access to Accommodation and Forex Partners,,Access to Accommodation and Forex Partners,,
,,,,,,,
,,,"TOTAL CREDITS WORTH ₹10,000",,"TOTAL CREDITS WORTH ₹20,000",,
,,,"₹5,000 on loan processing",,"₹10,000 on loan processing",,
,,,"₹5,000 on university deposit payment",,₹5000 on university deposit payment,,
,,,,,₹5000 on accomodation booking,,
,,,,,,,
,,,Available add-ons:,,,,
,,,"3 additional Applications for ₹22,500",,,,
,,,,,,,
,,,Enrol Now,,Enrol Now,,
,,,,,,,
,,,,,,,
,,,,What makes Leap Scholar different?,,,
,,,100k+,,$7 Mil,,
,,,success stories,,worth of scholarships granted,,
,,,,,,,
,,,$175 Mil,,1 Mil+,,
,,,in Loan disbursement,,downloads on IELTS app,,
,,,,,,,
,,,,,,,
,,,,See why our students ❤️ us,,,
,"Even when my visa looked difficult, Leap didn’t give up and guided me throughout the process.",,I never thought getting USA study VISA would be such a smooth task.,,"Leap Scholar's expert guidance transformed my profile, helping me get into my dream university!",,I had an outstanding experience with Leap Scholar. I completed my IELTS coaching and achieved my desired band score in just 1.5 months.
,Adarsh Patil,,Poonam,,Akhil Surendi,,Sai Teja
,XYZ ,,Cornell,,NYU,,XYZ
,,,,,,,
,,,,,,,
,,,,,,,
,,,,Your study abroad journey with Leap Scholar,,,
,,,STEP 1,,,,
,,,"Connect 1:1 with experts, and finalise your list of colleges",,Profile Evaluation Session,,
,,,,,"Discuss your preferences, get answers to your questions & a personalised goal plan",,
,,,,,University Shortlisting,,
,,,,,Our experts will come back with an ideal list of Universities suited only for you,,
,,,,,Finalising your University,,
,,,,,Discuss your shortlist and finalise universities that you want to apply for,,
,,,,,,,
,,,STEP 2,,,,
,,,"Start application process with writing SOPs, and completing your docs",,"SOP, LOR & Resume Assistance",,
,,,,,Get 100+ templates and a professional editor to craft the SOP & LOR for your profile,,
,,,,,Application assistance for your Dream Universities,,
,,,,,"You’re almost at the finish line, all that’s left now is to put in your application (Don’t worry our team of experts will do that for you!)",,
,,,,,,,
,,,STEP 3,,,,
,,,Visa Filing,,Prep for Visa Interview,,
,,,,,"Once admit is received, a Visa expert will review your documents and also prep you up for the interview",,
,,,,,Finally,,
,,,,,Fly to your dream college ✈️,,
,,,,,"That's it, you're ready to fly! Leap Community will be waiting to welcome you in your dream college",,
,,,,,,,
,,,,Trusted and backed by marquee global investors,,,
,,,,,,,
,,,,,,,
,,,,,,,
,,,,,,,
,,,,Got questions? Find your answers here,,,
,How can we utilise the credits offered?,,,,,,
,"Credits can be utilised in terms of Amazon Vouchers, if mentioned services are opted in through Leap.",,,,,,
,,,,,,,
,What are the required application documents?,,,,,,
,Application process for Germany may require following documents to be prepared and submitted by the student.,,,,,,
,1. SOP,,,,,,
,2. LOR,,,,,,
,3. Resume,,,,,,
,4. Essay,,,,,,
,5. Visa SOP,,,,,,
,6. Scholarship,,,,,,
,,,,,,,
,How can Leap help in building profile?,,,,,,
,"Dedicated counsellors with 10+ years of expertise are assigned that will counsel the students in evaluating the profile, and recommend methods through which student can improve their profile to improve their chances of admissions. This is highly recommended for students who are planning for future intakes.",,,,,,
,,,,,,,
,How cheaper are the forex charges from the market?,,,,,,
,"If payments are done through Leap, you can save upto 25% on forex transactions.",,,,,,
,,,,,,,
,Are there any no-cost EMI options?,,,,,,
,"Yes, we have partnered with 10+ national banks to offer no-cost EMI options to you, so that paying for this package, does not become a blocker for your study abroad dreams.",,,,,,
,,,,,,,
,What if I want to apply to more universities?,,,,,,
,"If you wish to get more shortlists and apply to more universities, Leap will charge a flat ₹10,000 fee, if the deposit to the university is done through us.",,,,,,
,,,,,,,
,,,,,,,
,,,Privacy Policy,,Terms and Condition,,